"Time","Message","Severity"
"12/20/2018 3:40 PM","C:\Users\Music Director\Documents\mstest\EN-The Rooster 12.17.18 14 for KDKD-FM only\SPOT FPDV3641000.mp3 >> C:\Users\Music Director\Documents\testspots\3926.wav","Information"
"12/20/2018 3:40 PM","C:\Users\Music Director\Documents\mstest\EN-The Rooster REVISED 12.10.18 7 for KDKD-FM only\SPOT FPDV3641000.mp3 >> C:\Users\Music Director\Documents\testspots\3926.wav","Information"
"12/20/2018 3:40 PM","C:\Users\Music Director\Documents\mstest\WU-Earl Pitts 12.17.18 5 - revision 1 for KDKD-FM only\SPOT FPDV3641000.mp3 >> C:\Users\Music Director\Documents\testspots\3926.wav","Information"
"12/20/2018 3:40 PM","C:\Users\Music Director\Documents\mstest\WU-Earl Pitts 12.17.18 5 for KDKD-FM only\Ford FPDV3641000.mp3 >> C:\Users\Music Director\Documents\testspots\3926.wav","Information"
"12/20/2018 3:40 PM","C:\Users\Music Director\Documents\mstest\WU-The Daily Aardvark 12.17.18 1 for KDKD-AM only\SPOT FPDV3641000.mp3 >> C:\Users\Music Director\Documents\testspots\3926.wav","Information"
"12/20/2018 3:40 PM","C:\Users\Music Director\Documents\mstest\CBS NEWS 12.17.18 9 - revision 1 for KDKD-AM only\SPOT CIVS8859000.mp3 >> C:\Users\Music Director\Documents\testspots\3005.wav","Information"
"12/20/2018 3:40 PM","C:\Users\Music Director\Documents\mstest\CBS NEWS 12.17.18 9 for KDKD-AM only\Spot CIVS8859000.MP3 >> C:\Users\Music Director\Documents\testspots\3005.wav","Information"
"12/20/2018 3:40 PM","C:\Users\Music Director\Documents\mstest\EN-The Rooster 12.17.18 14 for KDKD-FM only\SPOT CIVS8859000.mp3 >> C:\Users\Music Director\Documents\testspots\3005.wav","Information"
"12/20/2018 3:40 PM","C:\Users\Music Director\Documents\mstest\EN-The Rooster 12.17.18 14 for KDKD-FM only\SPOT FPDV3641000.mp3 >> C:\Users\Music Director\Documents\testspots\3926.wav","Information"
"12/20/2018 3:40 PM","C:\Users\Music Director\Documents\mstest\EN-The Rooster REVISED 12.10.18 7 for KDKD-FM only\SPOT FPDV3641000.mp3 >> C:\Users\Music Director\Documents\testspots\3926.wav","Information"
"12/20/2018 3:40 PM","C:\Users\Music Director\Documents\mstest\WU-Earl Pitts 12.17.18 5 - revision 1 for KDKD-FM only\SPOT FPDV3641000.mp3 >> C:\Users\Music Director\Documents\testspots\3926.wav","Information"
"12/20/2018 3:40 PM","C:\Users\Music Director\Documents\mstest\WU-Earl Pitts 12.17.18 5 for KDKD-FM only\Ford FPDV3641000.mp3 >> C:\Users\Music Director\Documents\testspots\3926.wav","Information"
"12/20/2018 3:40 PM","C:\Users\Music Director\Documents\mstest\WU-The Daily Aardvark 12.17.18 1 for KDKD-AM only\SPOT FPDV3641000.mp3 >> C:\Users\Music Director\Documents\testspots\3926.wav","Information"
"12/20/2018 3:40 PM","C:\Users\Music Director\Documents\mstest\EN-The Rooster 12.17.18 14 for KDKD-FM only\SPOT PELO1576.mp3 >> C:\Users\Music Director\Documents\testspots\3002.wav","Information"
"12/20/2018 3:40 PM","C:\Users\Music Director\Documents\mstest\EN-The Rooster 12.17.18 14 for KDKD-FM only\SPOT PJCP9830000.mp3 >> C:\Users\Music Director\Documents\testspots\3001.wav","Information"
"12/20/2018 3:40 PM","C:\Users\Music Director\Documents\mstest\EN-The Rooster 12.17.18 14 for KDKD-FM only\SPOT QDAF0019679.mp3 >> C:\Users\Music Director\Documents\testspots\3007.wav","Information"
"12/20/2018 3:40 PM","C:\Users\Music Director\Documents\mstest\CBS NEWS 12.17.18 9 - revision 1 for KDKD-AM only\SPOT QSRA8087000.mp3 >> C:\Users\Music Director\Documents\testspots\3006.wav","Information"
"12/20/2018 3:40 PM","C:\Users\Music Director\Documents\mstest\CBS NEWS 12.17.18 9 for KDKD-AM only\Spot QSRA8087000.MP3 >> C:\Users\Music Director\Documents\testspots\3006.wav","Information"
"12/20/2018 3:40 PM","C:\Users\Music Director\Documents\mstest\EN-The Rooster 12.17.18 14 for KDKD-FM only\SPOT QSRA8087000.mp3 >> C:\Users\Music Director\Documents\testspots\3006.wav","Information"
"12/20/2018 3:40 PM","C:\Users\Music Director\Documents\mstest\EN-The Rooster 12.17.18 14 for KDKD-FM only\SPOT ULTR0298000.mp3 >> C:\Users\Music Director\Documents\testspots\3003.wav","Information"
"12/20/2018 3:40 PM","C:\Users\Music Director\Documents\mstest\EN-The Rooster 12.17.18 14 for KDKD-FM only\GEICO MOAT FOOTBALL XGGA5336100.mp3 >> C:\Users\Music Director\Documents\testspots\3008.wav","Information"
"12/20/2018 3:40 PM","C:\Users\Music Director\Documents\mstest\EN-The Rooster 12.17.18 14 for KDKD-FM only\SPOT YKAJ8087000.mp3 >> C:\Users\Music Director\Documents\testspots\3004.wav","Information"
"12/20/2018 3:40 PM","C:\Users\Music Director\Documents\mstest\EN-The Rooster 12.17.18 14 for KDKD-FM only\SPOT FPDV3641000.mp3 >> C:\Users\Music Director\Documents\testspots\3926.wav","Information"
"12/20/2018 3:40 PM","C:\Users\Music Director\Documents\mstest\EN-The Rooster REVISED 12.10.18 7 for KDKD-FM only\SPOT FPDV3641000.mp3 >> C:\Users\Music Director\Documents\testspots\3926.wav","Information"
"12/20/2018 3:40 PM","C:\Users\Music Director\Documents\mstest\WU-Earl Pitts 12.17.18 5 - revision 1 for KDKD-FM only\SPOT FPDV3641000.mp3 >> C:\Users\Music Director\Documents\testspots\3926.wav","Information"
"12/20/2018 3:40 PM","C:\Users\Music Director\Documents\mstest\WU-Earl Pitts 12.17.18 5 for KDKD-FM only\Ford FPDV3641000.mp3 >> C:\Users\Music Director\Documents\testspots\3926.wav","Information"
"12/20/2018 3:40 PM","C:\Users\Music Director\Documents\mstest\WU-The Daily Aardvark 12.17.18 1 for KDKD-AM only\SPOT FPDV3641000.mp3 >> C:\Users\Music Director\Documents\testspots\3926.wav","Information"
"12/20/2018 3:40 PM","C:\Users\Music Director\Documents\mstest\WU-Earl Pitts 12.17.18 5 - revision 1 for KDKD-FM only\SPOT QRPI0172000.mp3 >> C:\Users\Music Director\Documents\testspots\3016.wav","Information"
"12/20/2018 3:40 PM","C:\Users\Music Director\Documents\mstest\WU-Earl Pitts 12.17.18 5 for KDKD-FM only\SPOT QRPI0172000.mp3 >> C:\Users\Music Director\Documents\testspots\3016.wav","Information"
"12/20/2018 3:40 PM","C:\Users\Music Director\Documents\mstest\WU-Earl Pitts 12.17.18 5 - revision 1 for KDKD-FM only\SPOT VP-BC230-1313.mp3 >> C:\Users\Music Director\Documents\testspots\3015.wav","Information"
"12/20/2018 3:40 PM","C:\Users\Music Director\Documents\mstest\WU-Earl Pitts 12.17.18 5 for KDKD-FM only\SPOT VP-BC230-1313.mp3 >> C:\Users\Music Director\Documents\testspots\3015.wav","Information"
"12/20/2018 3:40 PM","C:\Users\Music Director\Documents\mstest\WU-The Daily Aardvark 12.17.18 1 for KDKD-AM only\SPOT VP-BC230-1313.mp3 >> C:\Users\Music Director\Documents\testspots\3015.wav","Information"
"12/20/2018 3:40 PM","C:\Users\Music Director\Documents\mstest\WU-Earl Pitts 12.17.18 5 - revision 1 for KDKD-FM only\SPOT YKHT8163000.mp3 >> C:\Users\Music Director\Documents\testspots\3017.wav","Information"
"12/20/2018 3:40 PM","C:\Users\Music Director\Documents\mstest\WU-Earl Pitts 12.17.18 5 for KDKD-FM only\KOHLS WRAP UP HOLIDAY SHOPPING YKHT8163000.mp3 >> C:\Users\Music Director\Documents\testspots\3017.wav","Information"
"12/20/2018 3:40 PM","C:\Users\Music Director\Documents\mstest\WU-The Daily Aardvark 12.17.18 1 for KDKD-AM only\SPOT YKHT8163000.mp3 >> C:\Users\Music Director\Documents\testspots\3017.wav","Information"
"12/20/2018 3:40 PM","C:\Users\Music Director\Documents\mstest\EN-The Rooster 12.17.18 14 for KDKD-FM only\SPOT FPDV3641000.mp3 >> C:\Users\Music Director\Documents\testspots\3926.wav","Information"
"12/20/2018 3:40 PM","C:\Users\Music Director\Documents\mstest\EN-The Rooster REVISED 12.10.18 7 for KDKD-FM only\SPOT FPDV3641000.mp3 >> C:\Users\Music Director\Documents\testspots\3926.wav","Information"
"12/20/2018 3:40 PM","C:\Users\Music Director\Documents\mstest\WU-Earl Pitts 12.17.18 5 - revision 1 for KDKD-FM only\SPOT FPDV3641000.mp3 >> C:\Users\Music Director\Documents\testspots\3926.wav","Information"
"12/20/2018 3:40 PM","C:\Users\Music Director\Documents\mstest\WU-Earl Pitts 12.17.18 5 for KDKD-FM only\Ford FPDV3641000.mp3 >> C:\Users\Music Director\Documents\testspots\3926.wav","Information"
"12/20/2018 3:40 PM","C:\Users\Music Director\Documents\mstest\WU-The Daily Aardvark 12.17.18 1 for KDKD-AM only\SPOT FPDV3641000.mp3 >> C:\Users\Music Director\Documents\testspots\3926.wav","Information"
"12/20/2018 3:40 PM","C:\Users\Music Director\Documents\mstest\WU-The Daily Aardvark 12.17.18 1 for KDKD-AM only\SPOT QRPI0216000.mp3 >> C:\Users\Music Director\Documents\testspots\3018.wav","Information"
"12/20/2018 3:40 PM","C:\Users\Music Director\Documents\mstest\WU-Earl Pitts 12.17.18 5 - revision 1 for KDKD-FM only\SPOT VP-BC230-1313.mp3 >> C:\Users\Music Director\Documents\testspots\3015.wav","Information"
"12/20/2018 3:40 PM","C:\Users\Music Director\Documents\mstest\WU-Earl Pitts 12.17.18 5 for KDKD-FM only\SPOT VP-BC230-1313.mp3 >> C:\Users\Music Director\Documents\testspots\3015.wav","Information"
"12/20/2018 3:40 PM","C:\Users\Music Director\Documents\mstest\WU-The Daily Aardvark 12.17.18 1 for KDKD-AM only\SPOT VP-BC230-1313.mp3 >> C:\Users\Music Director\Documents\testspots\3015.wav","Information"
"12/20/2018 3:40 PM","C:\Users\Music Director\Documents\mstest\WU-Earl Pitts 12.17.18 5 - revision 1 for KDKD-FM only\SPOT YKHT8163000.mp3 >> C:\Users\Music Director\Documents\testspots\3017.wav","Information"
"12/20/2018 3:40 PM","C:\Users\Music Director\Documents\mstest\WU-Earl Pitts 12.17.18 5 for KDKD-FM only\KOHLS WRAP UP HOLIDAY SHOPPING YKHT8163000.mp3 >> C:\Users\Music Director\Documents\testspots\3017.wav","Information"
"12/20/2018 3:40 PM","C:\Users\Music Director\Documents\mstest\WU-The Daily Aardvark 12.17.18 1 for KDKD-AM only\SPOT YKHT8163000.mp3 >> C:\Users\Music Director\Documents\testspots\3017.wav","Information"
"12/20/2018 3:40 PM","C:\Users\Music Director\Documents\mstest\Intertech - 28 Minute - Extended 12.17.18 for KDKD-AM only\QMAY-9799-NS1.mp3 >> C:\Users\Music Director\Documents\testspots\3927.wav","Information"
"12/20/2018 3:40 PM","C:\Users\Music Director\Documents\mstest\Intertech - 28 Minute - Extended 12.17.18 for KXEA-FM only\QMAY-9799-NS1.mp3 >> C:\Users\Music Director\Documents\testspots\3927.wav","Information"
"12/20/2018 3:40 PM","C:\Users\Music Director\Documents\mstest\Intertech - 28 Minute - Extended 12.17.18 for KDKD-AM only\QMAY-9801-NS1.mp3 >> C:\Users\Music Director\Documents\testspots\3929.wav","Information"
"12/20/2018 3:40 PM","C:\Users\Music Director\Documents\mstest\Intertech - 28 Minute - Extended 12.17.18 for KXEA-FM only\QMAY-9801-NS1.mp3 >> C:\Users\Music Director\Documents\testspots\3929.wav","Information"
"12/20/2018 3:40 PM","C:\Users\Music Director\Documents\mstest\Intertech - 28 Minute - Extended 12.17.18 for KDKD-AM only\QMAY-9803-NS1.mp3 >> C:\Users\Music Director\Documents\testspots\3936.wav","Information"
"12/20/2018 3:40 PM","C:\Users\Music Director\Documents\mstest\Intertech - 28 Minute - Extended 12.17.18 for KXEA-FM only\QMAY-9803-NS1.mp3 >> C:\Users\Music Director\Documents\testspots\3936.wav","Information"
"12/20/2018 3:40 PM","C:\Users\Music Director\Documents\mstest\Intertech - 28 Minute - Extended 12.17.18 for KDKD-AM only\QMAY-9851-NS1.mp3 >> C:\Users\Music Director\Documents\testspots\3928.wav","Information"
"12/20/2018 3:40 PM","C:\Users\Music Director\Documents\mstest\Intertech - 28 Minute - Extended 12.17.18 for KXEA-FM only\QMAY-9851-NS1.mp3 >> C:\Users\Music Director\Documents\testspots\3928.wav","Information"
"12/20/2018 3:40 PM","C:\Users\Music Director\Documents\mstest\Intertech - 28 Minute - Extended 12.17.18 for KDKD-AM only\RADIOCSG-8AJ.mp3 >> C:\Users\Music Director\Documents\testspots\3931.wav","Information"
"12/20/2018 3:40 PM","C:\Users\Music Director\Documents\mstest\Intertech - 28 Minute - Extended 12.17.18 for KXEA-FM only\RADIOCSG-8AJ.mp3 >> C:\Users\Music Director\Documents\testspots\3931.wav","Information"
"12/20/2018 3:40 PM","C:\Users\Music Director\Documents\mstest\Intertech - 28 Minute - Extended 12.17.18 for KDKD-AM only\RADIOCSG-9AJ.mp3 >> C:\Users\Music Director\Documents\testspots\3937.wav","Information"
"12/20/2018 3:40 PM","C:\Users\Music Director\Documents\mstest\Intertech - 28 Minute - Extended 12.17.18 for KXEA-FM only\RADIOCSG-9AJ.mp3 >> C:\Users\Music Director\Documents\testspots\3937.wav","Information"
"12/20/2018 3:41 PM","C:\Users\Music Director\Documents\mstest\Intertech - 28 Minute - Extended 12.17.18 for KDKD-AM only\RADIOCSG-AAJ.mp3 >> C:\Users\Music Director\Documents\testspots\3934.wav","Information"
"12/20/2018 3:41 PM","C:\Users\Music Director\Documents\mstest\Intertech - 28 Minute - Extended 12.17.18 for KXEA-FM only\RADIOCSG-AAJ.mp3 >> C:\Users\Music Director\Documents\testspots\3934.wav","Information"
"12/20/2018 3:41 PM","C:\Users\Music Director\Documents\mstest\Intertech - 28 Minute - Extended 12.17.18 for KDKD-AM only\RADIOCSG-BAJ.mp3 >> C:\Users\Music Director\Documents\testspots\3938.wav","Information"
"12/20/2018 3:41 PM","C:\Users\Music Director\Documents\mstest\Intertech - 28 Minute - Extended 12.17.18 for KXEA-FM only\RADIOCSG-BAJ.mp3 >> C:\Users\Music Director\Documents\testspots\3938.wav","Information"
"12/20/2018 3:41 PM","C:\Users\Music Director\Documents\mstest\Intertech - 28 Minute - Extended 12.17.18 for KDKD-AM only\QMAY-9799-NS1.mp3 >> C:\Users\Music Director\Documents\testspots\3927.wav","Information"
"12/20/2018 3:41 PM","C:\Users\Music Director\Documents\mstest\Intertech - 28 Minute - Extended 12.17.18 for KXEA-FM only\QMAY-9799-NS1.mp3 >> C:\Users\Music Director\Documents\testspots\3927.wav","Information"
"12/20/2018 3:41 PM","C:\Users\Music Director\Documents\mstest\Intertech - 28 Minute - Extended 12.17.18 for KDKD-AM only\QMAY-9801-NS1.mp3 >> C:\Users\Music Director\Documents\testspots\3929.wav","Information"
"12/20/2018 3:41 PM","C:\Users\Music Director\Documents\mstest\Intertech - 28 Minute - Extended 12.17.18 for KXEA-FM only\QMAY-9801-NS1.mp3 >> C:\Users\Music Director\Documents\testspots\3929.wav","Information"
"12/20/2018 3:41 PM","C:\Users\Music Director\Documents\mstest\Intertech - 28 Minute - Extended 12.17.18 for KDKD-AM only\QMAY-9803-NS1.mp3 >> C:\Users\Music Director\Documents\testspots\3936.wav","Information"
"12/20/2018 3:41 PM","C:\Users\Music Director\Documents\mstest\Intertech - 28 Minute - Extended 12.17.18 for KXEA-FM only\QMAY-9803-NS1.mp3 >> C:\Users\Music Director\Documents\testspots\3936.wav","Information"
"12/20/2018 3:41 PM","C:\Users\Music Director\Documents\mstest\Intertech - 28 Minute - Extended 12.17.18 for KDKD-AM only\QMAY-9851-NS1.mp3 >> C:\Users\Music Director\Documents\testspots\3928.wav","Information"
"12/20/2018 3:41 PM","C:\Users\Music Director\Documents\mstest\Intertech - 28 Minute - Extended 12.17.18 for KXEA-FM only\QMAY-9851-NS1.mp3 >> C:\Users\Music Director\Documents\testspots\3928.wav","Information"
"12/20/2018 3:41 PM","C:\Users\Music Director\Documents\mstest\Intertech - 28 Minute - Extended 12.17.18 for KDKD-AM only\RADIOCSG-8AJ.mp3 >> C:\Users\Music Director\Documents\testspots\3931.wav","Information"
"12/20/2018 3:41 PM","C:\Users\Music Director\Documents\mstest\Intertech - 28 Minute - Extended 12.17.18 for KXEA-FM only\RADIOCSG-8AJ.mp3 >> C:\Users\Music Director\Documents\testspots\3931.wav","Information"
"12/20/2018 3:41 PM","C:\Users\Music Director\Documents\mstest\Intertech - 28 Minute - Extended 12.17.18 for KDKD-AM only\RADIOCSG-9AJ.mp3 >> C:\Users\Music Director\Documents\testspots\3937.wav","Information"
"12/20/2018 3:41 PM","C:\Users\Music Director\Documents\mstest\Intertech - 28 Minute - Extended 12.17.18 for KXEA-FM only\RADIOCSG-9AJ.mp3 >> C:\Users\Music Director\Documents\testspots\3937.wav","Information"
"12/20/2018 3:41 PM","C:\Users\Music Director\Documents\mstest\Intertech - 28 Minute - Extended 12.17.18 for KDKD-AM only\RADIOCSG-AAJ.mp3 >> C:\Users\Music Director\Documents\testspots\3934.wav","Information"
"12/20/2018 3:41 PM","C:\Users\Music Director\Documents\mstest\Intertech - 28 Minute - Extended 12.17.18 for KXEA-FM only\RADIOCSG-AAJ.mp3 >> C:\Users\Music Director\Documents\testspots\3934.wav","Information"
"12/20/2018 3:41 PM","C:\Users\Music Director\Documents\mstest\Intertech - 28 Minute - Extended 12.17.18 for KDKD-AM only\RADIOCSG-BAJ.mp3 >> C:\Users\Music Director\Documents\testspots\3938.wav","Information"
"12/20/2018 3:41 PM","C:\Users\Music Director\Documents\mstest\Intertech - 28 Minute - Extended 12.17.18 for KXEA-FM only\RADIOCSG-BAJ.mp3 >> C:\Users\Music Director\Documents\testspots\3938.wav","Information"
"12/20/2018 3:41 PM","C:\Users\Music Director\Documents\mstest\Intertech - 28 Minute - Extended 12.10.18 - revision 1 for KDKD-FM only\FPDV-3641-000.mp3 >> C:\Users\Music Director\Documents\testspots\3925.wav","Information"
"12/20/2018 3:41 PM","C:\Users\Music Director\Documents\mstest\Intertech - 28 Minute - Extended 12.17.18 for KDKD-FM only\FPDV-3641-000.mp3 >> C:\Users\Music Director\Documents\testspots\3925.wav","Information"
"12/20/2018 3:41 PM","C:\Users\Music Director\Documents\mstest\Intertech - 28 Minute - Extended 12.10.18 - revision 1 for KDKD-FM only\FPDV-3641-000.mp3 >> C:\Users\Music Director\Documents\testspots\3925.wav","Information"
"12/20/2018 3:41 PM","C:\Users\Music Director\Documents\mstest\Intertech - 28 Minute - Extended 12.17.18 for KDKD-FM only\FPDV-3641-000.mp3 >> C:\Users\Music Director\Documents\testspots\3925.wav","Information"
"12/20/2018 3:41 PM","C:\Users\Music Director\Documents\mstest\Intertech - 28 Minute - Extended 12.17.18 - revision 1 for KDKD-FM only\FPDV-3659-000.mp3 >> C:\Users\Music Director\Documents\testspots\3946.wav","Information"
"12/20/2018 3:41 PM","C:\Users\Music Director\Documents\mstest\Intertech - 28 Minute - Extended 12.17.18 for KDKD-FM only\FPDV-3659-000.mp3 >> C:\Users\Music Director\Documents\testspots\3946.wav","Information"
"12/20/2018 3:41 PM","C:\Users\Music Director\Documents\mstest\Intertech - 28 Minute - Extended 12.17.18 for KDKD-FM only\OQAU-0547-000.mp3 >> C:\Users\Music Director\Documents\testspots\3945.wav","Information"
"12/20/2018 3:41 PM","C:\Users\Music Director\Documents\mstest\Intertech - 28 Minute - Extended 12.17.18 for KDKD-FM only\QRPI-0170-000.mp3 >> C:\Users\Music Director\Documents\testspots\3944.wav","Information"
"12/20/2018 3:41 PM","C:\Users\Music Director\Documents\mstest\Intertech - 28 Minute - Extended 12.17.18 for KDKD-FM only\QRPI-0216-000.mp3 >> C:\Users\Music Director\Documents\testspots\3947.wav","Information"
"12/20/2018 3:41 PM","C:\Users\Music Director\Documents\mstest\Intertech - 28 Minute - Extended 12.17.18 for KDKD-FM only\QRPI-0222-000.mp3 >> C:\Users\Music Director\Documents\testspots\3939.wav","Information"
"12/20/2018 3:41 PM","C:\Users\Music Director\Documents\mstest\Intertech - 28 Minute - Extended 12.17.18 for KDKD-FM only\YOWG-1580-000.mp3 >> C:\Users\Music Director\Documents\testspots\3940.wav","Information"
"12/20/2018 3:41 PM","C:\Users\Music Director\Documents\mstest\Intertech - 28 Minute - Extended 12.17.18 for KDKD-FM only\YOWG-1608-000.mp3 >> C:\Users\Music Director\Documents\testspots\3941.wav","Information"
"12/20/2018 3:41 PM","C:\Users\Music Director\Documents\mstest\EN-The Rooster 12.03.18 6 for KDKD-FM only\SPOT CTGFAR30A00.mp3 >> C:\Users\Music Director\Documents\testspots\3967.wav","Information"
"12/20/2018 3:41 PM","C:\Users\Music Director\Documents\mstest\EN-The Rooster REVISED 12.10.18 7 for KDKD-FM only\SPOT CTGFAR30A00.mp3 >> C:\Users\Music Director\Documents\testspots\3967.wav","Information"
"12/20/2018 3:41 PM","C:\Users\Music Director\Documents\mstest\EN-The Rooster 12.03.18 6 for KDKD-FM only\SPOT QRPI0222000.mp3 >> C:\Users\Music Director\Documents\testspots\3979.wav","Information"
"12/20/2018 3:41 PM","C:\Users\Music Director\Documents\mstest\WU-Earl Pitts 12.03.18 5 for KDKD-FM only\SPOT QRPI0222000.mp3 >> C:\Users\Music Director\Documents\testspots\3979.wav","Information"
"12/20/2018 3:41 PM","C:\Users\Music Director\Documents\mstest\CBS NEWS 12.03.18 - revision 1 for KDKD-AM only\Spot QSRA8085000.MP3 >> C:\Users\Music Director\Documents\testspots\3964.wav","Information"
"12/20/2018 3:41 PM","C:\Users\Music Director\Documents\mstest\CBS NEWS 12.03.18 - revision 2 for KDKD-AM only\Spot QSRA8085000.MP3 >> C:\Users\Music Director\Documents\testspots\3964.wav","Information"
"12/20/2018 3:41 PM","C:\Users\Music Director\Documents\mstest\CBS NEWS 12.03.18 - revision 3 for KDKD-AM only\Spot QSRA8085000.MP3 >> C:\Users\Music Director\Documents\testspots\3964.wav","Information"
"12/20/2018 3:41 PM","C:\Users\Music Director\Documents\mstest\CBS NEWS 12.17.18 9 - revision 1 for KDKD-AM only\SPOT QSRA8085000.mp3 >> C:\Users\Music Director\Documents\testspots\3964.wav","Information"
"12/20/2018 3:41 PM","C:\Users\Music Director\Documents\mstest\CBS NEWS 12.17.18 9 for KDKD-AM only\SPOT QSRA8085000.mp3 >> C:\Users\Music Director\Documents\testspots\3964.wav","Information"
"12/20/2018 3:41 PM","C:\Users\Music Director\Documents\mstest\EN-The Rooster 12.17.18 14 for KDKD-FM only\SPOT QDAF0019679.mp3 >> C:\Users\Music Director\Documents\testspots\3988.wav","Information"
"12/20/2018 3:41 PM","C:\Users\Music Director\Documents\mstest\WU-Earl Pitts 12.17.18 5 - revision 1 for KDKD-FM only\SPOT YKHT8163000.mp3 >> C:\Users\Music Director\Documents\testspots\3990.wav","Information"
"12/20/2018 3:41 PM","C:\Users\Music Director\Documents\mstest\WU-Earl Pitts 12.17.18 5 for KDKD-FM only\KOHLS WRAP UP HOLIDAY SHOPPING YKHT8163000.mp3 >> C:\Users\Music Director\Documents\testspots\3990.wav","Information"
"12/20/2018 3:41 PM","C:\Users\Music Director\Documents\mstest\WU-The Daily Aardvark 12.17.18 1 for KDKD-AM only\SPOT YKHT8163000.mp3 >> C:\Users\Music Director\Documents\testspots\3990.wav","Information"
"12/20/2018 3:41 PM","C:\Users\Music Director\Documents\mstest\WU-Earl Pitts 12.17.18 5 - revision 1 for KDKD-FM only\SPOT YKHT8163000.mp3 >> C:\Users\Music Director\Documents\testspots\3991.wav","Information"
"12/20/2018 3:41 PM","C:\Users\Music Director\Documents\mstest\WU-Earl Pitts 12.17.18 5 for KDKD-FM only\KOHLS WRAP UP HOLIDAY SHOPPING YKHT8163000.mp3 >> C:\Users\Music Director\Documents\testspots\3991.wav","Information"
"12/20/2018 3:41 PM","C:\Users\Music Director\Documents\mstest\WU-The Daily Aardvark 12.17.18 1 for KDKD-AM only\SPOT YKHT8163000.mp3 >> C:\Users\Music Director\Documents\testspots\3991.wav","Information"
"12/20/2018 3:41 PM","C:\Users\Music Director\Documents\mstest\CBS NEWS 12.17.18 9 - revision 1 for KDKD-AM only\Spot EWCOR172930.MP3 >> C:\Users\Music Director\Documents\testspots\3963.wav","Information"
"12/20/2018 3:41 PM","C:\Users\Music Director\Documents\mstest\CBS NEWS 12.17.18 9 for KDKD-AM only\Spot EWCOR172930.MP3 >> C:\Users\Music Director\Documents\testspots\3963.wav","Information"
"12/20/2018 3:41 PM","C:\Users\Music Director\Documents\mstest\CBS NEWS 12.17.18 9 - revision 1 for KDKD-AM only\Spot EWCOR181730.MP3 >> C:\Users\Music Director\Documents\testspots\3965.wav","Information"
"12/20/2018 3:41 PM","C:\Users\Music Director\Documents\mstest\CBS NEWS 12.17.18 9 for KDKD-AM only\Spot EWCOR181730.MP3 >> C:\Users\Music Director\Documents\testspots\3965.wav","Information"
"12/20/2018 3:41 PM","C:\Users\Music Director\Documents\mstest\CBS NEWS 12.03.18 - revision 1 for KDKD-AM only\Spot QSRA8085000.MP3 >> C:\Users\Music Director\Documents\testspots\3964.wav","Information"
"12/20/2018 3:41 PM","C:\Users\Music Director\Documents\mstest\CBS NEWS 12.03.18 - revision 2 for KDKD-AM only\Spot QSRA8085000.MP3 >> C:\Users\Music Director\Documents\testspots\3964.wav","Information"
"12/20/2018 3:41 PM","C:\Users\Music Director\Documents\mstest\CBS NEWS 12.03.18 - revision 3 for KDKD-AM only\Spot QSRA8085000.MP3 >> C:\Users\Music Director\Documents\testspots\3964.wav","Information"
"12/20/2018 3:41 PM","C:\Users\Music Director\Documents\mstest\CBS NEWS 12.17.18 9 - revision 1 for KDKD-AM only\SPOT QSRA8085000.mp3 >> C:\Users\Music Director\Documents\testspots\3964.wav","Information"
"12/20/2018 3:41 PM","C:\Users\Music Director\Documents\mstest\CBS NEWS 12.17.18 9 for KDKD-AM only\SPOT QSRA8085000.mp3 >> C:\Users\Music Director\Documents\testspots\3964.wav","Information"
"12/20/2018 3:41 PM","C:\Users\Music Director\Documents\mstest\CBS NEWS 12.17.18 9 - revision 1 for KDKD-AM only\BABBEL SMBA-TRY-WEB.mp3 >> C:\Users\Music Director\Documents\testspots\3966.wav","Information"
"12/20/2018 3:41 PM","C:\Users\Music Director\Documents\mstest\CBS NEWS 12.17.18 9 for KDKD-AM only\BABBEL SMBA-TRY-WEB.mp3 >> C:\Users\Music Director\Documents\testspots\3966.wav","Information"
"12/20/2018 3:41 PM","C:\Users\Music Director\Documents\mstest\CBS NEWS 12.17.18 9 - revision 1 for KDKD-AM only\Spot YDEB0146000_30.MP3 >> C:\Users\Music Director\Documents\testspots\3962.wav","Information"
"12/20/2018 3:41 PM","C:\Users\Music Director\Documents\mstest\CBS NEWS 12.17.18 9 for KDKD-AM only\Spot YDEB0146000_30.MP3 >> C:\Users\Music Director\Documents\testspots\3962.wav","Information"
"12/20/2018 3:41 PM","C:\Users\Music Director\Documents\mstest\Phantom Producer 28 F 12.17.18 1 for KXEA-FM only\ANYTIME FITNESS ANYF-DEC8.mp3 >> C:\Users\Music Director\Documents\testspots\3993.wav","Information"
"12/20/2018 3:41 PM","C:\Users\Music Director\Documents\mstest\Phantom Producer 28 F 12.17.18 1 for KXEA-FM only\CLOROX CXMT-8317000.mp3 >> C:\Users\Music Director\Documents\testspots\3996.wav","Information"
"12/20/2018 3:41 PM","C:\Users\Music Director\Documents\mstest\Phantom Producer 28 F 12.17.18 1 for KXEA-FM only\STAPLES QSRA-8086000.mp3 >> C:\Users\Music Director\Documents\testspots\3921.wav","Information"
"12/20/2018 3:41 PM","C:\Users\Music Director\Documents\mstest\Radio Genius Prep 7 12.17.18 7 for KDKD-FM only\STAPLES QSRA-8086000.mp3 >> C:\Users\Music Director\Documents\testspots\3921.wav","Information"
"12/20/2018 3:41 PM","C:\Users\Music Director\Documents\mstest\Universal Comedy Network 12.10.18 11 for KDKD-FM only\STAPLES QSRA-8086000.mp3 >> C:\Users\Music Director\Documents\testspots\3921.wav","Information"
"12/20/2018 3:41 PM","C:\Users\Music Director\Documents\mstest\Universal Comedy Network 12.17.18 6 for KDKD-FM only\STAPLES QSRA-8086000.mp3 >> C:\Users\Music Director\Documents\testspots\3921.wav","Information"
"12/20/2018 3:41 PM","C:\Users\Music Director\Documents\mstest\Phantom Producer 28 F 12.17.18 1 for KXEA-FM only\ULTA ULTR-0298000.mp3 >> C:\Users\Music Director\Documents\testspots\3994.wav","Information"
"12/20/2018 3:41 PM","C:\Users\Music Director\Documents\mstest\Phantom Producer 28 F 12.17.18 1 for KXEA-FM only\KOHLS YKHT-8163000.mp3 >> C:\Users\Music Director\Documents\testspots\3997.wav","Information"
"12/20/2018 3:41 PM","C:\Users\Music Director\Documents\mstest\Radio Genius Prep 7 12.17.18 7 for KDKD-FM only\KOHLS YKHT-8163000.mp3 >> C:\Users\Music Director\Documents\testspots\3997.wav","Information"
"12/20/2018 3:41 PM","C:\Users\Music Director\Documents\mstest\Universal Comedy Network 12.17.18 6 for KDKD-FM only\KOHLS YKHT-8163000.mp3 >> C:\Users\Music Director\Documents\testspots\3997.wav","Information"
"12/20/2018 3:41 PM","C:\Users\Music Director\Documents\mstest\Phantom Producer 28 F 12.17.18 1 for KXEA-FM only\STAPLES QSRA-8086000.mp3 >> C:\Users\Music Director\Documents\testspots\3921.wav","Information"
"12/20/2018 3:41 PM","C:\Users\Music Director\Documents\mstest\Radio Genius Prep 7 12.17.18 7 for KDKD-FM only\STAPLES QSRA-8086000.mp3 >> C:\Users\Music Director\Documents\testspots\3921.wav","Information"
"12/20/2018 3:41 PM","C:\Users\Music Director\Documents\mstest\Universal Comedy Network 12.10.18 11 for KDKD-FM only\STAPLES QSRA-8086000.mp3 >> C:\Users\Music Director\Documents\testspots\3921.wav","Information"
"12/20/2018 3:41 PM","C:\Users\Music Director\Documents\mstest\Universal Comedy Network 12.17.18 6 for KDKD-FM only\STAPLES QSRA-8086000.mp3 >> C:\Users\Music Director\Documents\testspots\3921.wav","Information"
"12/20/2018 3:41 PM","C:\Users\Music Director\Documents\mstest\Phantom Producer 28 F 12.17.18 1 for KXEA-FM only\GEICO XGGA-6257100.mp3 >> C:\Users\Music Director\Documents\testspots\3000.wav","Information"
"12/20/2018 3:41 PM","C:\Users\Music Director\Documents\mstest\Radio Genius Prep 7 12.17.18 7 for KDKD-FM only\GEICO XGGA-6257100.mp3 >> C:\Users\Music Director\Documents\testspots\3000.wav","Information"
"12/20/2018 3:41 PM","C:\Users\Music Director\Documents\mstest\Radio Genius Prep 7 12.17.18 7 for KDKD-FM only\STERLING YKAJ-8087000.mp3 >> C:\Users\Music Director\Documents\testspots\3998.wav","Information"
"12/20/2018 3:41 PM","C:\Users\Music Director\Documents\mstest\Phantom Producer 28 F 12.17.18 1 for KXEA-FM only\KOHLS YKHT-8163000.mp3 >> C:\Users\Music Director\Documents\testspots\3997.wav","Information"
"12/20/2018 3:41 PM","C:\Users\Music Director\Documents\mstest\Radio Genius Prep 7 12.17.18 7 for KDKD-FM only\KOHLS YKHT-8163000.mp3 >> C:\Users\Music Director\Documents\testspots\3997.wav","Information"
"12/20/2018 3:41 PM","C:\Users\Music Director\Documents\mstest\Universal Comedy Network 12.17.18 6 for KDKD-FM only\KOHLS YKHT-8163000.mp3 >> C:\Users\Music Director\Documents\testspots\3997.wav","Information"
"12/20/2018 3:41 PM","C:\Users\Music Director\Documents\mstest\Radio Genius Prep 7 12.17.18 7 for KDKD-FM only\LOWES YOWG-1584000.mp3 >> C:\Users\Music Director\Documents\testspots\3999.wav","Information"
"12/20/2018 3:41 PM","C:\Users\Music Director\Documents\mstest\Universal Comedy Network 12.17.18 6 for KDKD-FM only\FORD FMLB-2245000.mp3 >> C:\Users\Music Director\Documents\testspots\3010.wav","Information"
"12/20/2018 3:41 PM","C:\Users\Music Director\Documents\mstest\Universal Comedy Network 12.17.18 6 for KDKD-FM only\FORD FPDV-3641000.mp3 >> C:\Users\Music Director\Documents\testspots\3009.wav","Information"
"12/20/2018 3:41 PM","C:\Users\Music Director\Documents\mstest\Universal Comedy Network 12.17.18 6 for KDKD-FM only\JC PENNEY PJCP-9832000.mp3 >> C:\Users\Music Director\Documents\testspots\3012.wav","Information"
"12/20/2018 3:41 PM","C:\Users\Music Director\Documents\mstest\Phantom Producer 28 F 12.17.18 1 for KXEA-FM only\STAPLES QSRA-8086000.mp3 >> C:\Users\Music Director\Documents\testspots\3921.wav","Information"
"12/20/2018 3:41 PM","C:\Users\Music Director\Documents\mstest\Radio Genius Prep 7 12.17.18 7 for KDKD-FM only\STAPLES QSRA-8086000.mp3 >> C:\Users\Music Director\Documents\testspots\3921.wav","Information"
"12/20/2018 3:41 PM","C:\Users\Music Director\Documents\mstest\Universal Comedy Network 12.10.18 11 for KDKD-FM only\STAPLES QSRA-8086000.mp3 >> C:\Users\Music Director\Documents\testspots\3921.wav","Information"
"12/20/2018 3:41 PM","C:\Users\Music Director\Documents\mstest\Universal Comedy Network 12.17.18 6 for KDKD-FM only\STAPLES QSRA-8086000.mp3 >> C:\Users\Music Director\Documents\testspots\3921.wav","Information"
"12/20/2018 3:41 PM","C:\Users\Music Director\Documents\mstest\Phantom Producer 28 F 12.17.18 1 for KXEA-FM only\KOHLS YKHT-8163000.mp3 >> C:\Users\Music Director\Documents\testspots\3013.wav","Information"
"12/20/2018 3:41 PM","C:\Users\Music Director\Documents\mstest\Radio Genius Prep 7 12.17.18 7 for KDKD-FM only\KOHLS YKHT-8163000.mp3 >> C:\Users\Music Director\Documents\testspots\3013.wav","Information"
"12/20/2018 3:41 PM","C:\Users\Music Director\Documents\mstest\Universal Comedy Network 12.17.18 6 for KDKD-FM only\KOHLS YKHT-8163000.mp3 >> C:\Users\Music Director\Documents\testspots\3013.wav","Information"
"12/20/2018 3:41 PM","C:\Users\Music Director\Documents\mstest\WW Country Gold with Terri Clark 12.17.18 for KDKD-FM only\Boot Barn WW_BB-1210-WORK.MP3 >> C:\Users\Music Director\Documents\testspots\3959.wav","Information"
"12/20/2018 3:41 PM","C:\Users\Music Director\Documents\mstest\WW Nash Prep MS_A 12.17.18 5 for KDKD-FM only\Boot Barn WW_BB-1210-WORK.MP3 >> C:\Users\Music Director\Documents\testspots\3959.wav","Information"
"12/20/2018 3:41 PM","C:\Users\Music Director\Documents\mstest\_S12 TCS 17G Ctry 12.17.18 3 for KDKD-FM only\Boot Barn WW_BB-1210-WORK.MP3 >> C:\Users\Music Director\Documents\testspots\3959.wav","Information"
"12/20/2018 3:41 PM","C:\Users\Music Director\Documents\mstest\_S12 TCS Delicious Audio 17G Ctry 12.17.18 2 for KDKD-FM only\Boot Barn WW_BB-1210-WORK.MP3 >> C:\Users\Music Director\Documents\testspots\3959.wav","Information"
"12/20/2018 3:41 PM","C:\Users\Music Director\Documents\mstest\WW Country Gold with Terri Clark 12.17.18 for KDKD-FM only\Boot Barn WW_WR-1126-GEN1.MP3 >> C:\Users\Music Director\Documents\testspots\3960.wav","Information"
"12/20/2018 3:41 PM","C:\Users\Music Director\Documents\mstest\WW Nash Prep MS_A 12.03.18 1 for KDKD-FM only\Boot Barn WW_WR-1126-GEN1.MP3 >> C:\Users\Music Director\Documents\testspots\3960.wav","Information"
"12/20/2018 3:41 PM","C:\Users\Music Director\Documents\mstest\WW Nash Prep MS_A 12.17.18 5 for KDKD-FM only\Boot Barn WW_WR-1126-GEN1.MP3 >> C:\Users\Music Director\Documents\testspots\3960.wav","Information"
"12/20/2018 3:41 PM","C:\Users\Music Director\Documents\mstest\WWO 24_7 Country_A 12.03.18 10 - revision 1 for KDKD-FM only\Boot Barn WW_WR-1126-GEN1.MP3 >> C:\Users\Music Director\Documents\testspots\3960.wav","Information"
"12/20/2018 3:41 PM","C:\Users\Music Director\Documents\mstest\WWO 24_7 Country_A 12.03.18 10 for KDKD-FM only\Boot Barn WW_WR-1126-GEN1.MP3 >> C:\Users\Music Director\Documents\testspots\3960.wav","Information"
"12/20/2018 3:41 PM","C:\Users\Music Director\Documents\mstest\WWO 24_7 Country_A 12.03.18 6 for KDKD-AM only\Boot Barn WW_WR-1126-GEN1.MP3 >> C:\Users\Music Director\Documents\testspots\3960.wav","Information"
"12/20/2018 3:41 PM","C:\Users\Music Director\Documents\mstest\WWO 24_7 Country_A 12.03.18 7 for KDKD-AM only\Boot Barn WW_WR-1126-GEN1.MP3 >> C:\Users\Music Director\Documents\testspots\3960.wav","Information"
"12/20/2018 3:41 PM","C:\Users\Music Director\Documents\mstest\_S12 TCS 17G Ctry 12.17.18 3 for KDKD-FM only\Boot Barn WW_WR-1126-GEN1.MP3 >> C:\Users\Music Director\Documents\testspots\3960.wav","Information"
"12/20/2018 3:41 PM","C:\Users\Music Director\Documents\mstest\_S12 TCS Delicious Audio 17G Ctry 12.17.18 2 for KDKD-FM only\Boot Barn WW_WR-1126-GEN1.MP3 >> C:\Users\Music Director\Documents\testspots\3960.wav","Information"
"12/20/2018 3:41 PM","C:\Users\Music Director\Documents\mstest\WW Nash Prep MS_A 12.17.18 5 for KDKD-FM only\Kohls WW_YKHT81630000.MP3 >> C:\Users\Music Director\Documents\testspots\3961.wav","Information"
"12/20/2018 3:41 PM","C:\Users\Music Director\Documents\mstest\WWO 24_7 Country_A 12.17.18 10 for KDKD-FM only\Kohls WW_YKHT81630000.MP3 >> C:\Users\Music Director\Documents\testspots\3961.wav","Information"
"12/20/2018 3:41 PM","C:\Users\Music Director\Documents\mstest\WWO 24_7 Country_A 12.17.18 19 for KDKD-AM only\Kohls WW_YKHT81630000.MP3 >> C:\Users\Music Director\Documents\testspots\3961.wav","Information"
"12/20/2018 3:41 PM","C:\Users\Music Director\Documents\mstest\ZNA WWO News Male B XDS_A 12.17.18 9 for KDKD-AM only\Kohls WW_YKHT81630000.MP3 >> C:\Users\Music Director\Documents\testspots\3961.wav","Information"
"12/20/2018 3:41 PM","C:\Users\Music Director\Documents\mstest\_S12 TCS 17G Ctry 12.17.18 3 for KDKD-FM only\Kohls WW_YKHT81630000.MP3 >> C:\Users\Music Director\Documents\testspots\3961.wav","Information"
"12/20/2018 3:41 PM","C:\Users\Music Director\Documents\mstest\_S12 TCS Delicious Audio 17G Ctry 12.17.18 2 for KDKD-FM only\Kohls WW_YKHT81630000.MP3 >> C:\Users\Music Director\Documents\testspots\3961.wav","Information"
"12/20/2018 3:41 PM","C:\Users\Music Director\Documents\mstest\WW Country Gold with Terri Clark 12.17.18 for KDKD-FM only\Boot Barn WW_BB-1210-WORK.MP3 >> C:\Users\Music Director\Documents\testspots\3959.wav","Information"
"12/20/2018 3:41 PM","C:\Users\Music Director\Documents\mstest\WW Nash Prep MS_A 12.17.18 5 for KDKD-FM only\Boot Barn WW_BB-1210-WORK.MP3 >> C:\Users\Music Director\Documents\testspots\3959.wav","Information"
"12/20/2018 3:41 PM","C:\Users\Music Director\Documents\mstest\_S12 TCS 17G Ctry 12.17.18 3 for KDKD-FM only\Boot Barn WW_BB-1210-WORK.MP3 >> C:\Users\Music Director\Documents\testspots\3959.wav","Information"
"12/20/2018 3:41 PM","C:\Users\Music Director\Documents\mstest\_S12 TCS Delicious Audio 17G Ctry 12.17.18 2 for KDKD-FM only\Boot Barn WW_BB-1210-WORK.MP3 >> C:\Users\Music Director\Documents\testspots\3959.wav","Information"
"12/20/2018 3:41 PM","C:\Users\Music Director\Documents\mstest\WW Country Gold with Terri Clark 12.17.18 for KDKD-FM only\Boot Barn WW_WR-1126-GEN1.MP3 >> C:\Users\Music Director\Documents\testspots\3960.wav","Information"
"12/20/2018 3:41 PM","C:\Users\Music Director\Documents\mstest\WW Nash Prep MS_A 12.03.18 1 for KDKD-FM only\Boot Barn WW_WR-1126-GEN1.MP3 >> C:\Users\Music Director\Documents\testspots\3960.wav","Information"
"12/20/2018 3:41 PM","C:\Users\Music Director\Documents\mstest\WW Nash Prep MS_A 12.17.18 5 for KDKD-FM only\Boot Barn WW_WR-1126-GEN1.MP3 >> C:\Users\Music Director\Documents\testspots\3960.wav","Information"
"12/20/2018 3:41 PM","C:\Users\Music Director\Documents\mstest\WWO 24_7 Country_A 12.03.18 10 - revision 1 for KDKD-FM only\Boot Barn WW_WR-1126-GEN1.MP3 >> C:\Users\Music Director\Documents\testspots\3960.wav","Information"
"12/20/2018 3:41 PM","C:\Users\Music Director\Documents\mstest\WWO 24_7 Country_A 12.03.18 10 for KDKD-FM only\Boot Barn WW_WR-1126-GEN1.MP3 >> C:\Users\Music Director\Documents\testspots\3960.wav","Information"
"12/20/2018 3:41 PM","C:\Users\Music Director\Documents\mstest\WWO 24_7 Country_A 12.03.18 6 for KDKD-AM only\Boot Barn WW_WR-1126-GEN1.MP3 >> C:\Users\Music Director\Documents\testspots\3960.wav","Information"
"12/20/2018 3:41 PM","C:\Users\Music Director\Documents\mstest\WWO 24_7 Country_A 12.03.18 7 for KDKD-AM only\Boot Barn WW_WR-1126-GEN1.MP3 >> C:\Users\Music Director\Documents\testspots\3960.wav","Information"
"12/20/2018 3:41 PM","C:\Users\Music Director\Documents\mstest\_S12 TCS 17G Ctry 12.17.18 3 for KDKD-FM only\Boot Barn WW_WR-1126-GEN1.MP3 >> C:\Users\Music Director\Documents\testspots\3960.wav","Information"
"12/20/2018 3:41 PM","C:\Users\Music Director\Documents\mstest\_S12 TCS Delicious Audio 17G Ctry 12.17.18 2 for KDKD-FM only\Boot Barn WW_WR-1126-GEN1.MP3 >> C:\Users\Music Director\Documents\testspots\3960.wav","Information"
"12/20/2018 3:41 PM","C:\Users\Music Director\Documents\mstest\WW Nash Prep MS_A 12.17.18 5 for KDKD-FM only\Kohls WW_YKHT81630000.MP3 >> C:\Users\Music Director\Documents\testspots\3961.wav","Information"
"12/20/2018 3:41 PM","C:\Users\Music Director\Documents\mstest\WWO 24_7 Country_A 12.17.18 10 for KDKD-FM only\Kohls WW_YKHT81630000.MP3 >> C:\Users\Music Director\Documents\testspots\3961.wav","Information"
"12/20/2018 3:41 PM","C:\Users\Music Director\Documents\mstest\WWO 24_7 Country_A 12.17.18 19 for KDKD-AM only\Kohls WW_YKHT81630000.MP3 >> C:\Users\Music Director\Documents\testspots\3961.wav","Information"
"12/20/2018 3:41 PM","C:\Users\Music Director\Documents\mstest\ZNA WWO News Male B XDS_A 12.17.18 9 for KDKD-AM only\Kohls WW_YKHT81630000.MP3 >> C:\Users\Music Director\Documents\testspots\3961.wav","Information"
"12/20/2018 3:41 PM","C:\Users\Music Director\Documents\mstest\_S12 TCS 17G Ctry 12.17.18 3 for KDKD-FM only\Kohls WW_YKHT81630000.MP3 >> C:\Users\Music Director\Documents\testspots\3961.wav","Information"
"12/20/2018 3:41 PM","C:\Users\Music Director\Documents\mstest\_S12 TCS Delicious Audio 17G Ctry 12.17.18 2 for KDKD-FM only\Kohls WW_YKHT81630000.MP3 >> C:\Users\Music Director\Documents\testspots\3961.wav","Information"
"12/20/2018 3:41 PM","C:\Users\Music Director\Documents\mstest\Aptivada_A 12.17.18 6 for KDKD-AM only\CVS WW_CIVS88590000.MP3 >> C:\Users\Music Director\Documents\testspots\3952.wav","Information"
"12/20/2018 3:41 PM","C:\Users\Music Director\Documents\mstest\Aptivada_A 12.17.18 6 for KDKD-AM only\Groupon WW_GRPN02790000.MP3 >> C:\Users\Music Director\Documents\testspots\3948.wav","Information"
"12/20/2018 3:41 PM","C:\Users\Music Director\Documents\mstest\Aptivada_A 12.17.18 6 for KDKD-AM only\CVS WW_CIVS88590000.MP3 >> C:\Users\Music Director\Documents\testspots\3952.wav","Information"
"12/20/2018 3:41 PM","C:\Users\Music Director\Documents\mstest\Aptivada_A 12.17.18 6 for KDKD-AM only\Groupon WW_GRPN02790000.MP3 >> C:\Users\Music Director\Documents\testspots\3948.wav","Information"
"12/20/2018 3:41 PM","C:\Users\Music Director\Documents\mstest\Aptivada_A 12.17.18 6 for KDKD-AM only\CVS WW_CIVS88590000.MP3 >> C:\Users\Music Director\Documents\testspots\3952.wav","Information"
"12/20/2018 3:41 PM","C:\Users\Music Director\Documents\mstest\Aptivada_A 12.17.18 6 for KDKD-AM only\Groupon WW_GRPN02790000.MP3 >> C:\Users\Music Director\Documents\testspots\3948.wav","Information"
"12/20/2018 3:41 PM","C:\Users\Music Director\Documents\mstest\WO Wide Orbit - Alpha_A 12.17.18 5 for KDKD-FM only\Ford WW_FPDV36410000.MP3 >> C:\Users\Music Director\Documents\testspots\3956.wav","Information"
"12/20/2018 3:41 PM","C:\Users\Music Director\Documents\mstest\ZNA WWO News Male A XDS_A 12.17.18 31 for KXEA-FM only\Ford WW_FPDV36410000.MP3 >> C:\Users\Music Director\Documents\testspots\3956.wav","Information"
"12/20/2018 3:41 PM","C:\Users\Music Director\Documents\mstest\ZNA WWO News Male B XDS_A 12.17.18 9 for KDKD-AM only\Ford WW_FPDV36410000.MP3 >> C:\Users\Music Director\Documents\testspots\3956.wav","Information"
"12/20/2018 3:41 PM","C:\Users\Music Director\Documents\mstest\WO Wide Orbit - Alpha_A 12.17.18 5 for KDKD-FM only\Staples WW_QSRA80850000.MP3 >> C:\Users\Music Director\Documents\testspots\3953.wav","Information"
"12/20/2018 3:41 PM","C:\Users\Music Director\Documents\mstest\ZNA WWO News Male A XDS_A 12.10.18 19 for KXEA-FM only\Staples WW_QSRA80850000.MP3 >> C:\Users\Music Director\Documents\testspots\3953.wav","Information"
"12/20/2018 3:41 PM","C:\Users\Music Director\Documents\mstest\ZNA WWO News Male A XDS_A 12.17.18 31 for KXEA-FM only\Staples WW_QSRA80850000.MP3 >> C:\Users\Music Director\Documents\testspots\3953.wav","Information"
"12/20/2018 3:41 PM","C:\Users\Music Director\Documents\mstest\ZNA WWO News Male B XDS_A 12.10.18 8 for KDKD-AM only\Staples WW_QSRA80850000.MP3 >> C:\Users\Music Director\Documents\testspots\3953.wav","Information"
"12/20/2018 3:41 PM","C:\Users\Music Director\Documents\mstest\ZNA WWO News Male B XDS_A 12.17.18 9 for KDKD-AM only\Staples WW_QSRA80850000.MP3 >> C:\Users\Music Director\Documents\testspots\3953.wav","Information"
"12/20/2018 3:41 PM","C:\Users\Music Director\Documents\mstest\WO Wide Orbit - Alpha_A 12.17.18 5 for KDKD-FM only\Strategic Media Avant Credit WW_SMACDBT-1010.MP3 >> C:\Users\Music Director\Documents\testspots\3958.wav","Information"
"12/20/2018 3:41 PM","C:\Users\Music Director\Documents\mstest\WO Wide Orbit - Alpha_A 12.17.18 5 for KDKD-FM only\Vistaprint WW_SVPBC2303535.MP3 >> C:\Users\Music Director\Documents\testspots\3957.wav","Information"
"12/20/2018 3:41 PM","C:\Users\Music Director\Documents\mstest\WO Wide Orbit - Alpha_A 12.10.18 25 for KDKD-FM only\Home Depot WW_YHTFD23RT500.MP3 >> C:\Users\Music Director\Documents\testspots\3954.wav","Information"
"12/20/2018 3:41 PM","C:\Users\Music Director\Documents\mstest\WO Wide Orbit - Alpha_A 12.17.18 5 for KDKD-FM only\Home Depot WW_YHTFD23RT500.MP3 >> C:\Users\Music Director\Documents\testspots\3954.wav","Information"
"12/20/2018 3:41 PM","C:\Users\Music Director\Documents\mstest\WW Country Gold with Terri Clark 12.03.18 for KDKD-FM only\Home Depot WW_YHTFD23RT500.MP3 >> C:\Users\Music Director\Documents\testspots\3954.wav","Information"
"12/20/2018 3:41 PM","C:\Users\Music Director\Documents\mstest\WW Country Gold with Terri Clark 12.10.18 for KDKD-FM only\Home Depot WW_YHTFD23RT500.MP3 >> C:\Users\Music Director\Documents\testspots\3954.wav","Information"
"12/20/2018 3:41 PM","C:\Users\Music Director\Documents\mstest\ZNA WWO News Male B XDS_A 12.03.18 5 for KDKD-AM only\Home Depot WW_YHTFD23RT500.MP3 >> C:\Users\Music Director\Documents\testspots\3954.wav","Information"
"12/20/2018 3:41 PM","C:\Users\Music Director\Documents\mstest\ZNA WWO News Male B XDS_A 12.03.18 9 for KDKD-AM only\Home Depot WW_YHTFD23RT500.MP3 >> C:\Users\Music Director\Documents\testspots\3954.wav","Information"
"12/20/2018 3:41 PM","C:\Users\Music Director\Documents\mstest\ZNA WWO News Male B XDS_A 12.10.18 8 for KDKD-AM only\Home Depot WW_YHTFD23RT500.MP3 >> C:\Users\Music Director\Documents\testspots\3954.wav","Information"
"12/20/2018 3:41 PM","C:\Users\Music Director\Documents\mstest\ZNA WWO News Male B XDS_A 12.17.18 9 for KDKD-AM only\Home Depot WW_YHTFD23RT500.MP3 >> C:\Users\Music Director\Documents\testspots\3954.wav","Information"
